login,user_id,name
04cb,,
0x006EA1E5,,
0xRabbidfly,,
0xi4o,,
0xrafasec,,
1Megabyte,,
3San360,,
3vmartinet,,
404prefrontalcortexnotfound,,
42tg,,
49115566,,
6plosive,,
70pice,,
812913329,,
A2Y-D5L,,
AIstar007,,
ANogin,,
APJoshi-Projects,,
ARRamanathan,,
ATelbay,,
AbdulSamad94,,
Adam-xuya,,
Adamcf123,,
Adr1an04,,
Adyel,,
Aiyatullah,,
Ajaxiis,,
Aki-07,,
AlbertoBasalo,,
AlexSendula,,
Alexandre-Nourissier,,
AlwaysHC,,
AmnezziaCS,,
Anant00,,
AndersHsueh,,
AndreasBom,,
AndrewBert,,
AndrewNikolin,,
Andrey-Yakovtsev,,
AndyZHENG0715,,
Andytreusch1028,,
AreDee-Bangs,,
ArpitSuthar,,
ArthurFay,,
Asdafers,,
Ash-Blanc,,
Ashwinhegde19,,
Azeem-2,,
B-SRIKRISHNAN,,
Bad3r,,
BarisEY,,
Bassonrichard,,
Basster,,
BawstosAI,,
BenBtg,,
Bengeljo,,
Benj4,,
BigBandaid2,,
Bill-Zhongzb,,
BobbyWang0120,,
BrainSlugs83,,
Brandsma,,
BretJohnson,,
BrianChristman,,
BrianGilbert,,
BrianSurrattDsg,,
BuggyButLearning,,
BugsEverywhere,,
BurtHarris,,
Bus42,,
BusuL,,
C3scoo,,
CESARDELATORRE,,
Calel33,,
Captainhum,,
Cen-Yaozu,,
Censseo,,
Charca,,
Chatelo,,
ChrisLeslie,,
ChrisPbb,,
ChrisTorng,,
ChristianPresley,,
Cigoler,,
ClaraGaya,,
Cliveburr,,
Connorbelez,,
Copilot,,
Corneliu-ST,,
CutrelyAlex,,
Cyptopimpinainteazy,,
CzarScar,,
Czlun,,
D7x7z49,,
DD-L,,
DFilipeS,,
Danger2725,,
DanielGregolate,,
DanielHashmi,,
DarceyLloyd,,
DasBen,,
David7ce,,
DaydreamCoding,,
DeLoWaN,,
DenWin,,
DerekChasse,,
Desgue,,
DevAbdullah90,,
DevGuyRash,,
DevHusnainAi,,
DevenDucommun,,
DevinRB,,
Dexus,,
DibbsZA,,
DiegoObethBatista,,
Diegobevilacqua,,
Digi-Bo,,
Dimsum-art,,
DiscreteTom,,
Divya1173,,
Dlniya,,
DmitryLukyanov,,
DmytrV,,
DominicBoettger,,
DonRichards,,
Douda,,
DovieW,,
DrZuzzjen,,
Drakosfire,,
DyanGalih,,
ETNOL,,
EanHD,,
EdesonABizerril,,
Ekerim,,
EmadMokhtar,,
Embracex1998,,
EndenDragon,,
EpicHigh,,
ErraticFox,,
Etsija,,
Eunice55555,,
FabianoLothor,,
Falamarcao,,
Fango2007,,
FaridMammadov19,,
Farley-Chen,,
Fatima367,,
Ferneyman,,
FidelusAleksander,,
FladioArmandika,,
Fluffyware,,
Foufou-exe,,
Francesco146,,
Franky1,,
G4bar,,
GC-Scott,,
Gaimchng3rjacob,,
GenieRobot,,
GeoloeG-IsT,,
GigaNuke3,,
Gitchegumi,,
Giuseppe-Bianc,,
Godswillconcept,,
Gokujo,,
GoranHalvarsson,,
GordonSmith,,
GrimmiMeloni,,
Guillaume-Docquier,,
GunnGu,,
Guo-astro,,
HamedMP,,
Harshit12png,,
Harveyhase68,,
Hasina3159,,
He-Pin,,
HenryThriver,,
Heremeus,,
HerrBertling,,
HerrHansen,,
HichemTab-tech,,
Hotion13,,
HudsonAfonso,,
Huljo,,
HumaizaNaz,,
HumbleMaxiu,,
Hyp3rSon1X,,
INRIX-Christopher-Storer,,
Ian1971,,
Icalidur,,
ImBIOS,,
Insik-Han,,
Inventrohyder,,
IslamAlkhateeb,,
IvoLondon,,
JPClow3,,
JRedeker,,
JYunth,,
JackFR-84,,
JackieQi,,
Jacques-Murray,,
JanuszNowak,,
Janzert,,
Jarvis2021,,
Jayiitb,,
JaysonAlbert,,
JeandeCampredon,,
Jeehut,,
Jeep-Yang-92,,
Jeidoz,,
Jerad551,,
JeredBlu,,
JiaKangning002,,
JianfuLi,,
JoeG-SP,,
JoelGoodman19,,
JoergStrebel,,
Jogiter,,
JohnnyOpcode,,
JosefJezek,,
Josh-AS,,
Jrakru,,
JuanmeGarcia,,
JulienBreux,,
JuozasIzi1,,
KUTEJiang,,
KalleNiemi,,
Kalletal,,
KarlMaynardDK,,
Kataki-Takanashi,,
Katekko,,
KeentGG,,
Kenerator,,
KevinBrown5280,,
KhawarHabibKhan,,
KircMax,,
KittiLakam,,
Kjasi,,
KolissnikBogdan,,
Korck-lab,,
Koroqe,,
KristoferN,,
Krzysztof318,,
L3n41c,,
LaddeRHTML,,
LahkLeKey,,
Lakkanna,,
Larry-Home,,
Lennix,,
Leonai-do,,
Liflex,,
Linfee,,
LiteracyFanatic,,
LoackyBit,,
Logrui,,
LoveJazzTZ,,
LuSrackhall,,
LucianoDPerez,,
Lucien-Liu,,
Luka123-cloud,,
Lukaa0,,
LydiaCai1203,,
M7FX-1,,
MDean-Slalom,,
MDfly7,,
MRayermannMSFT,,
MRiabov,,
MUHAMMEDHAFEEZ,,
MadHuslista,,
Magdoub,,
MagicalBuilder,,
MahmoudKhodier,,
MahmoudMabrok,,
MaksimShevtsov,,
Maleick,,
MannXo,,
Manu-Devloo,,
MariusStorhaug,,
MarkStokes-outlook,,
MarkjoinedGit,,
MartyBonacci,,
Matteaocha,,
MauScheff,,
Max-Levitskiy,,
MaxBarbet,,
Maxim-Mazurok,,
MayaOber,,
MayurVirkar,,
MdStar1984,,
MeBadDev,,
Mearman,,
Medialordofficial,,
Meir017,,
Meirdrarel,,
Michael88888888888,,
MichalPetricek,,
Mikaleb,,
Mingholy,,
Mirza-Samad-Ahmed-Baig,,
MisinformedDNA,,
Mistrox43,,
MohannadHany-Envnt,,
MomoChenisMe,,
MonkeyCode-AI,,
MonuCarpenter,,
Mr-Saxobeat,,
Mr-Youssry,,
MrHinsh,,
MrTrigger,,
Muhabu,,
Muhammadnoman1234,,
N0SAFE,,
NaikSoftware,,
Napolitain,,
NaviaSamal,,
NebulaMao,,
Negashev,,
NelsonBN,,
NeoWang9999,,
NgoQuocViet2001,,
Nicered,,
NicholasMeacoe,,
NikiforovAll,,
Nimraakram22,,
NirmalmaheshSubramani,,
Noor-ul-ain001,,
Norfeldt,,
NunoMiguelVeloso,,
OR13,,
ObsisMc,,
OguzDastan,,
OllisGit,,
One-TheOnly,,
OneSheep123,,
OptimusPi,,
OrenMe,,
Ovid,,
PG408,,
PIMBA,,
PMCaz,,
Page-Carbajal,,
Paimon2806,,
PaoloC68,,
PascalThuet,,
PatrickHeneise,,
Pavel-tabnine,,
Pazzilivo,,
PeteHalsted,,
PeterDaumQS,,
Pewejekubam,,
PieBru,,
PitamberTiwari,,
Poggen,,
Pranav01211,,
ProgrammerPlus1998,,
PrometheusAtlas,,
PsiACE,,
QC2168,,
QikeLab,,
Quratulain-bilal,,
RA-Rob,,
RB-Lab,,
RT-Rakesh,,
Rabithua,,
RajaPremSai,,
RakeshArya5,,
Rannir,,
Ray0907,,
RbBtSn0w,,
RchrdHndrcks,,
ReddragonLR,,
ReneSchumacher,,
Rep0se,,
Reynard-HanSkin,,
RoboCreator85,,
Roboterjiang,,
Rodaddy-Bullish,,
RogerBestMsft,,
Rohan-1920,,
RotRot-pi,,
Roy-Gal-Git,,
RoyceLeonD,,
Rubiss,,
RunOrVeith,,
S2thend,,
SARAMALI15792,,
SHSharkar,,
SLOWRAINMDML,,
STRRL,,
Saco93,,
Satcomx00-x00,,
Scoheart,,
Seafoodsz,,
SeanAiGo,,
SeanPtest,,
Selenion,,
Selfeer,,
Sertxito,,
Shakeshev,,
Shankhara,,
ShaunaGordon,,
Shehab-Muhammad,,
SherifMEldeeb,,
ShivamGoyal03,,
ShogoMiyashita,,
SiaoZeng,,
Sidatii,,
SilenceZheng66,,
Silthus,,
SirunGameDev,,
SlenderShield,,
SmolSoftBoi,,
Son-Dam,,
SoniaChoo,,
Spietato86,,
Staok,,
StdLogicTrig,,
SteFletcher,,
SteeZyT33,,
SteveGrosbois,,
Streamweaver,,
SuhailArshad1122,,
SyxBot,,
TCoherence,,
TRKNOVA,,
Taciones,,
TannerBarcelos,,
Tarasovych,,
Tayyaba-Akbar956,,
TechDufus,,
TechPreacher,,
TechWatching,,
Technikhighknee,,
Tenith01,,
Testimonial,,
TheArKaID,,
TheManWhoLikesToCode,,
TheNotoBarth,,
TheUIinventor,,
Thelastpoet,,
ThomasSteinbach,,
ThuySinhNhat,,
Tiger-NG,,
TimJJTing,,
Timothy-Guyon,,
TituxMetal,,
TobiasFandrich,,
TortoiseWolfe,,
TrentBartlem,,
Tuyendev47,,
TyrelCB,,
Tyunsen,,
UmmeHabiba1312,,
UndiFineD,,
UpToDate5500,,
UrielCh,,
V4G4X,,
VATALU,,
VaiYav,,
ValentinPy1,,
VamosCC,,
Vamshi-Bantaram,,
VardemisDatara,,
VesperAkshay,,
Vext-Labs,,
ViktorLi1988,,
Vipan-arintech,,
WANGMAN-Echo,,
WOLIKIMCHENG,,
WangX0111,,
Wavegoodvybe2929,,
WhatIfWeDigDeeper,,
WhiteGive-Boy,,
WikiRik,,
WilliamMunch,,
WilliamPeralta,,
Windol,,
WinstonTG,,
WoZ,,
WolfgangFiedler,,
Wompipomp,,
Wu-Rua,,
XFGRASS,,
XSKW11111,,
Xain3,,
XardasLord,,
XhstormR,,
Xpystum,,
Xreath,,
Yazurka,,
YeduinM,,
Yunus-Emre-Kaya,,
Zachary-Higgins,,
Zahrannnn,,
Zalmez,,
Zefex,,
Zestpond,,
Zhaoxiaoguang001,,
Zzackllack,,
a-holm,,
a00110110011,,
a76854,,
aMuTeX,,
aadi1295,,
aadit33,,
aaron-cardenas,,
aaronbassett,,
aaronrsun,,
aasawa20,,
aashish-ak,,
ab22593k,,
abdul-kabir-jawed,,
abdull1986,,
abdurmasood,,
abeds0,,
accelas,,
accesswatch,,
acmeguy,,
acomito,,
acs,,
adam-paterson,,
adamhill,,
adamjdavidson,,
adamkwhite,,
adarkazanli,,
adaumann,,
adnrewc,,
adri4nlm,,
adshrc,,
aeltayeb,,
aemr3,,
aetos382,,
afetter,,
afurm,,
ageaxe,,
agonzalez2014,,
agriffard,,
agzyamov,,
ahaaje,,
ahm22004,,
ahmadabdalla,,
ahmedelraei,,
ahmet-cetinkaya,,
airtonGit,,
airtonix,,
ajaxdude,,
ajaxiis-rust,,
akhil41,,
aki-s,,
akierum,,
akleeko2,,
akmur,,
alandovskis,,
alanmeadows,,
albahrani,,
albertilagan,,
aldonetti,,
alebar42,,
alehar9320,,
alessio-locatelli,,
alex-vance,,
alex-zwingli,,
alexandreLavenant,,
alexhancock,,
alexinslc,,
alexjyong,,
alexnechyporenko,,
alexrodio,,
alfonsograziano,,
alfredoperez,,
aliha-smchs,,
alissalayla,,
aloysiusmartis,,
alparslankapani,,
alvarobem,,
alxdark,,
alxvasilevvv,,
amamiyayasi,,
amariani,,
amaynez,,
amehmeto,,
amehrez,,
amerzad,,
amirbadnjevic,,
amithegde,,
amogower,,
amondnet,,
amorino-agatha,,
amosgeva,,
amuzip,,
amweiss,,
anadale,,
anantbaksh,,
anasseth,,
anchildress1,,
andre-menutole,,
andreaschiona,,
andreswebs,,
andrewpsp,,
andrewvlgafc,,
andyfischer,,
andysg-hub,,
anentropic,,
anggaaryas,,
anidotnet,,
anli001024,,
ansonngch-Sephora,,
antdong,,
antimagetiny,,
anton-shomin,,
antsok,,
antst,,
apexsloth,,
aprendendofelipe,,
apshoemaker,,
aqibmumtaz,,
aqilaziz,,
aragubas,,
arampp,,
archetyx,,
arctouch-paulagueiros,,
arkadiyk,,
arkim86-JFK,,
armingjazi,,
armoucar,,
armujahid,,
arnetkachev,,
arrrlo,,
arsalan98m,,
arthur404dev,,
artk42,,
arun-gupta,,
arundeep78,,
arunt14,,
aryzing,,
ashbrener,,
ashebanow,,
ashleysommer,,
asieduernest12,,
askpatrickw,,
aspdev91,,
astsu-dev,,
atomleapdeveloper02,,
auggie246,,
aurexav,,
austinsonger,,
awlsring,,
aww-aww,,
ayax79,,
aybouzaglou,,
ayesha-aziz123,,
ayeshakhalid192007-dev,,
ayushin,,
azaricstefan,,
azuma317,,
bailiangcn,,
bakwan79,,
barisgit,,
barnent1,,
barnjamin,,
basicScandal,,
bassco,,
baveku,,
bbrowning,,
bcdonadio,,
bcy446xd9d-netizen,,
beager,,
beerygaz,,
beliaev-maksim,,
ben-edgar,,
ben-heimberg,,
benadamdev,,
bengoug,,
benjaminmodayil,,
benlau,,
benoitheinrich,,
benzyc,,
berkantay,,
best-shalom,,
bethmaloney,,
bgervin,,
bgiardiello,,
bhb603,,
bhsimon97,,
bibendi,,
bicatu,,
bigcan,,
bigsmartben,,
bilalpiaic,,
bing5tui3,,
birdseyevue,,
biruinan,,
bixu,,
bjuraga,,
bkowshik,,
black1good,,
blackcode1,,
blackcrow-it,,
blackgirlbytes,,
blade1981m,,
blashinfa,,
bleow,,
bmcnaboe,,
bobbui,,
bobbyhuang-dev,,
bodleytunes,,
bongiozzo,,
bonsai,,
borederman,,
borfast,,
bpodlejski,,
bradbalfour,,
braffour,,
brandon-braner,,
branky,,
brat002,,
brentarias,,
brentrossen,,
brianFrizzera,,
briananderson1222,,
brianluby,,
briant-spindance,,
brimdor,,
brindasanthm,,
brooke-hamilton,,
brunoborges,,
bryantqo,,
bsnyder,,
bsquidwrd,,
buck-0x,,
bucweat,,
burberryonn,,
busbyjon,,
c05m1x,,
c30ra,,
caffbit,,
calexandre,,
callorange,,
calvin-chung-calian-git,,
camiloborges,,
campbells,,
carlo42,,
carlosfiori,,
carmandale,,
carolitascl,,
carsten-wilhelm,,
carter003,,
cartmedia,,
cassiebreviu,,
cazzoo,,
cbaerikebc,,
cccczl,,
ccoles146,,
cdaringe,,
cdeisler,,
cedricvidal,,
ceotind,,
ceppelli,,
cgondrovic-servpro,,
chanezon,,
char-ykn,,
charlie17,,
charlzdotdev,,
cheapsteak,,
chebyr,,
chennakrishnaa,,
chenry-me,,
chenyinchang,,
chezsmithy,,
chiddekel,,
chordpli,,
chris-hatton,,
chrisleyva,,
chrismeller,,
chriso0710,,
chriswingler,,
chronoB,,
chsanch,,
cianclarke,,
ciaronnixon,,
citrez,,
cityac,,
clmcgrath,,
clsferguson,,
cmhac,,
cnhuz,,
codedmart,,
coderandhiker,,
codewithme224,,
codingoutloud,,
codinronan,,
codyNog,,
codyseally,,
cogell,,
cohenjo,,
colinbull,,
colsonj,,
cometzero,,
conniemerritt,,
cookiegg,,
copilot-pull-request-reviewer[bot],,
copilot-swe-agent[bot],,
copton,,
copyboy,,
corbettbain,,
corfor,,
craftogrammer,,
cristhianu,,
cristianuibar,,
crisweber2600,,
crokobit,,
crostonj,,
crumgary,,
cruschke,,
csvan,,
csveritas,,
cswaas,,
ctfhacker,,
ctrysbita,,
cyanolive,,
cybermerlin,,
cyliu0,,
cyxer000,,
czcz1024,,
czei,,
czer323,,
d0whc3r,,
da1z,,
daebenji,,
dagecko,,
damnhandy,,
dan-cooke,,
dancer1325,,
dango85,,
daniel-graham,,
danieldekay,,
danieleBennetts,,
danielflorezjllo,,
danielmeppiel,,
danielwestlake,,
danielxhampton,,
danizord,,
danshuitaihejie,,
danstis,,
dante01yoon,,
danwashusen,,
danwild,,
danyow,,
daordonez11,,
darcon77,,
darion-yaphet,,
dariuszkowalski-com,,
darkglow-net,,
darkmule,,
darkogj,,
darrenrkb,,
dasiths,,
datspike,,
davehowell,,
davesharpe13,,
davidmoshal,,
davidniu-0914,,
davidrudduck,,
davidvartanian,,
davistroy,,
dayanmasiha-hub,,
dbardi,,
dbirks,,
dceoy,,
ddulic,,
decarufe,,
deepeshBodh,,
deepfriedmind,,
deikka,,
densk1,,
dentity007,,
dependabot[bot],,
derek987987,,
derekperez27,,
derobiwan,,
dev0zzz,,
devantler,,
devbeard,,
devfirexyz,,
devsticks,,
devzizai,,
dgawlik,,
dhilipkumars,,
dhndmn,,
dialedin2014,,
diamond-lizard,,
diarized,,
dickhardt,,
diegowk6,,
dikkkkuta,,
diogosalaberri,,
dipievil,,
distante,,
djeffersonx,,
djsekops,,
dkmin,,
dkmos2016,,
dknell,,
dkoenawan,,
dkolb,,
dldinternet,,
dlecan,,
dlukt,,
dmaizel,,
dmarav,,
dmitry-pavlov,,
dmux,,
dobrdesign,,
docech,,
doct0rX,,
doggy8088,,
dominikj-cf,,
dominykas-verkauskas,,
doozie-akshay,,
doquanghuy,,
dotnetspark,,
dougcooper,,
dpeckham,,
dpi627,,
dragoshont,,
drake4964,,
drewgingerich,,
drobati,,
droideronline,,
drrros,,
dsrednicki,,
duccadhv1,,
duksh,,
duoduokai,,
duydduyd,,
dvic,,
dylan-k,,
dz85,,
ebertti,,
ebramirez,,
echarrod,,
ed-lichtman-nice,,
ed4becky,,
edelah,,
eduvav,,
efe-mumoglu,,
egemensekem,,
ehatov216,,
ehiggs,,
ehlowr0ld,,
ejaramillom,,
ekadetov,,
elagerway,,
eldar702,,
elebescond,,
eliasto,,
elkinjosetm,,
eloimarquessilva,,
emanuelturis,,
emi-dm,,
empz,,
emreonur-i,,
engels74,,
epps,,
eranshapira,,
eranshcloud,,
ericnoam,,
erikankrom,,
eriksenonline,,
ernestjumbe,,
esola-thomas,,
essenbee2,,
ethaizone,,
etiennemargraff,,
eucariop,,
eudson,,
eugman,,
eumatheusgomes,,
everas42,,
exengstfeld,,
exocode,,
fabiodouek,,
fabioluissilva,,
fabricioasv,,
fagner-acto,,
faizan-shah-10,,
fajar-apri-alaska,,
fangye100,,
farzad528,,
fastlorenzo,,
faysou,,
fbridger,,
fdcastel,,
feder1402,,
federicociner,,
felipe-lfca,,
fengyunhe,,
ferBo,,
fergoid,,
ferquo,,
fgalarraga,,
fhemmerrelias,,
filipemonteiroth,,
fitzgeraldsteele,,
flamerged,,
flavour,,
flawlessenergy,,
fleetimee,,
fletchgqc,,
flipthedog,,
florijanqosja,,
flysee100,,
foeria,,
foertel,,
fokkerone,,
formin,,
fortunto2,,
foundryserver,,
framunoz,,
francovp,,
freefoxcm,,
freshlesh3,,
freudl,,
frizikk,,
frodon1,,
fschwiet,,
fsilvaortiz,,
fssou,,
fthozdemir,,
fuleinist,,
funkenstrahlen,,
furkankoykiran,,
fuyongde,,
fxnicolas,,
gaatjeniksaan,,
gabinfremont,,
gabrielhmsantos,,
gakeez,,
galoniz,,
ganeshramakrishnanbr,,
gatuno1,,
gavinjou818,,
gbisaga,,
gdut-yy,,
gederer,,
george-mcintyre,,
georgestevens99,,
getanwar,,
gferguson1815,,
ggamco,,
ggblake,,
ggeutzzang,,
ghost,,
gideoncatz,,
gigascake,,
giiyms,,
gimmebytes,,
gingters,,
gitcnd,,
gitenstuff,,
github-actions[bot],,
github-advanced-security[bot],,
github-code-quality[bot],,
github-gregory-rome,,
giuseppe-trisciuoglio,,
givemetraffic,,
gjmorris,,
glara,,
glockpete,,
gnnk,,
gogojames,,
goldyard,,
gordonwatts,,
gotalab,,
gouzhuang,,
gowy222,,
gpfielpayretailers,,
gpr,,
grafvonb,,
grayson1999,,
greffgreff,,
grhaonan,,
grissiom,,
gsemet,,
guercheLE,,
gugahoi,,
guiguito,,
guisantossi,,
gulshankumar09,,
guptaashwanee,,
gwallan,,
gzhtdikrx,,
h16rkim,,
h4yfans,,
habutre,,
hackbraten68,,
hacknlove,,
hades200082,,
hakan-andersson-treetop,,
hamzatrq,,
hanzlikhan,,
happypig,,
harikrishnan83,,
hariseldon78,,
harishkm83,,
harkairt,,
hashimwarren,,
hassankhan2608,,
hassifmohd,,
hawar,,
hb2708,,
hcnimi,,
healthkowshik,,
hejvalli,,
hellfirehd,,
hello-william,,
hemangjoshi37a,,
hendrix04,,
herculosh,,
heyvoon,,
hiarcs,,
himanshugoyal1065,,
hindermath,,
hitermeng,,
hmanicka,,
hmzhbyry44-lab,,
hojongs,,
hongxichina,,
honjo-hiroaki-gtt,,
hooperits,,
hooshyar,,
hot666666,,
housekelly,,
hovrawl,,
hsin19,,
hsmorikawa,,
htelsiz,,
huangguang1999,,
huanghaiqingit,,
huangyang-reolink,,
hugo082,,
hugogu,,
hulaxiaodai,,
hungdev,,
hungthai1401,,
huy1010,,
iAbadia,,
iAmSurajT,,
iFrency,,
iampeterdaniels,,
ibotu,,
idc999,,
ieretzkdosha,,
ifle,,
ifredom,,
ignatremizov,,
igorrius,,
ihascode,,
ihor-shndr,,
ihrimech,,
iksnae,,
ilyar,,
ilyavenger,,
im-samz,,
im-world,,
immannan,,
imviancagrace,,
incrediblezayed,,
infinitelyloopy-bt,,
info-lamin,,
inlineHamed,,
insilications,,
int2k,,
intel352,,
intellix,,
inthevortex,,
iolalog,,
irx76,,
isanchez31,,
isbdnt2,,
isdaniel,,
ismaelJimenez,,
itinsecurity,,
itlackey,,
itpropro,,
ivangrynenko,,
ivanjo39191,,
ivanthelad,,
ivishalgandhi,,
ivo-toby,,
izzybps,,
j-vasanth,,
jaccozilla,,
jahan01,,
jalvarezsamayoa,,
jamesainslie,,
jameshopkins,,
jamesrosing,,
janwillemkeizer,,
jarrensj,,
jasonwang82,,
jaycangel,,
jbdocuphase,,
jcastillopino,,
jcleigh,,
jdstuart,,
jedjohan,,
jeffects,,
jehubba,,
jejernig,,
jellydn,,
jensenbox,,
jensfredrik,,
jereimers,,
jeremyeder,,
jeroaranda,,
jeroenv3,,
jeromeabel,,
jessenaiman,,
jetrotal,,
jettchen0430,,
jfilatow,,
jflam,,
jfranc38,,
jhlim0204,,
jhonathas,,
jimitshah77,,
jimthompson5802,,
jin-joung,,
jingairpi,,
jinserk,,
jirizoudun,,
jis249,,
jisaf,,
jlameira,,
jlwainwright,,
jmhublar,,
jmrtnz94,,
joepstender,,
joesh,,
john-agentic-ai-tools,,
johnholliday,,
johnmbaughman,,
johnml1135,,
johnvinosh,,
johnwylie70,,
johopp,,
jonny5203,,
jonshaffer,,
jordanbrogden,,
jordipuigbou,,
jorgeherrera1,,
joseaplwork,,
josecoelho,,
josee85921,,
josefdzbeta,,
joseluiscarcel,,
josephcrawfordSRH,,
josh-treadwell,,
joshhauser,,
joshuachen3333,,
jospinagarcia,,
jpatel3,,
jpaveg,,
jpchauvel,,
jperfetto,,
jpiquot,,
jplck,,
jpoley,,
jpouvrard,,
jrcndlf,,
jrestall,,
jrishabh55,,
jsgoecke,,
jsifid,,
jtama,,
juanatlas,,
juannunes02019,,
julioaraujo96,,
juniorsereno,,
jwesleye,,
jwill824,,
jx0923,,
jxstanford,,
jyojyotk,,
kPinney,,
ka0rukan,,
kalmenchia,,
kaman1,,
kanfil,,
kant2002,,
kassi,,
kcaylor,,
kd-coder2024,,
keithelder,,
kenbanks-peng,,
kenchou,,
kengggg,,
kennedy-whytech,,
kennethcochran,,
kenny-kim2,,
kenny378ai,,
kenryu42,,
ketanio,,
kevinkaylie,,
kevlingo,,
kfinkels,,
khaiyihong,,
kidoln,,
kierankelleher,,
kingtwelve,,
kirprong,,
kklavei,,
klapecm,,
kmhalvin,,
knightinair,,
kobico,,
koenvercauteren,,
konrouda,,
kooyear,,
korakot,,
kotvaer,,
kreddy-cci,,
krisfremen,,
kristiantenfen,,
kritsanan1,,
kryltsov,,
kseikyo,,
ktfth,,
kumaresra,,
kurianoff,,
kvcrajan,,
ladislav-bihari,,
lanmoxueer,,
laura-damian,,
lauthieb,,
lazarius-borg,,
lazyclaw-labs,,
lbe,,
lckksk,,
lee-b,,
lengyue524,,
leobbitencourt,,
leobrines,,
leocamello,,
leowise,,
leoxiao2012,,
lestan,,
letto4135,,
letuananh035,,
letzdoo-js,,
levithomason,,
levonk,,
lew-at-cs,,
lewiesnyder,,
lewis617,,
lgraf,,
lihan3238,,
limit-breaker-999,,
lion1991,,
lisanyambere,,
lisovyk,,
lispking,,
litlmike,,
liunice,,
liuyiyu,,
liuzhihang,,
lkeude96,,
lly835,,
lm203688,,
lmccay,,
lmerz1,,
lmtr0,,
lnnujxxy,,
localden,,
lofi-coding,,
loganionian,,
lonesoac0,,
longyoudong,,
lonquan,,
looper200,,
loppety,,
lostshin,,
lrshu,,
lshgdut,,
luanzhiwow,,
lubatti,,
lucasmodrich,,
lucianoperez-cmyk,,
lujmo11,,
luopanforever,,
luoshu1,,
lupinsansei,,
lutzroeder,,
lwyBZss8924d,,
lxander42,,
lyzno1,,
m-da-costa,,
m13v,,
m2web,,
ma-waheed,,
madsd,,
maenujem,,
magbareya,,
mahieyin-rahmun,,
majordave,,
majucamex2005,,
mamachanko,,
mango766,,
maplenote,,
mapstack-chris,,
marcindulak,,
marcofrancis,,
marcusburghardt,,
marcusgoll,,
mariozig,,
markuswondrak,,
maru0914,,
marufsiddique01,,
marvin-hansen,,
massimogentilini,,
masters3d,,
matbeedotcom,,
mathiasdotdev,,
mattbrailsford,,
matthew-a-gordon,,
matthew-a-t,,
mattiasthalen,,
maximeb-croesus,,
maximiliamus,,
maxiride,,
maxiwu,,
maxliaops,,
maxmeyer3141,,
maxxrdrgz,,
mbachorik,,
mbarbieri77,,
mbeacom,,
mcampbell,,
mcasalaina,,
mdcc7844-art,,
mdcleber,,
medhatgalal,,
mengguiyouziyi,,
mfeeney,,
mfsbo,,
mgscox,,
mhagrelius,,
mhattingpete,,
micahgodbolt,,
michael-jennings,,
michaelerobertsjr,,
michaelgodshall,,
michaelkoss,,
michelegirini,,
mifas,,
migodev42,,
mikevb3,,
miklschmidt,,
mikqi,,
mindblowngaming,,
mingcao-dev,,
minhducdang,,
mischadiehm,,
miszczu-drako,,
mitchell-wallace,,
mitchstapleton,,
mitselek,,
mjesuele,,
mjonjones-veygo,,
mjoyce91,,
mjunaidca,,
mkellerman,,
mkremnev,,
mlaass,,
mmcguff,,
mnriem,,
mofsesam,,
mohammadkhanTEKenable,,
mohammed-mksk,,
mohseenjamall,,
moneymikeMD,,
moogsG,,
morganhein,,
morookidd,,
morpheus9393,,
mosherbrian,,
mpapadopoullos,,
mpasumarthi,,
mplevine,,
mrGreazly,,
mrKlar,,
mredodos,,
mrge-org,,
mrhoffmann,,
mrksph,,
msaavedra-sw,,
msalahz,,
mseep-ai,,
msigmond,,
msullivanhdt,,
mubiesam,,
murphyXu,,
muxfe,,
mvanhorn,,
mykola-mmm,,
mykolaveremeichyk,,
myself659,,
mzsoliman,,
n-wen,,
n0cloud,,
n3d4ti,,
nShieldSolo,,
nacho4d,,
nagoodman,,
nalbion,,
nalthoff,,
nancy-360watts,,
narze,,
natelastname,,
navid1111,,
nbourdeau,,
ndcollins,,
ndreisg,,
ndrluis,,
nds15763,,
neelneelpurk,,
neerazz,,
neilfitzgerald1972,,
netsi1964,,
newmind,,
nhocconan,,
nic0michael,,
nicky-tseng,,
nicoasdd,,
nicolasstelter,,
nigel-upstart,,
nike-17,,
niklas-wortmann,,
niklasschaeffer,,
nikoladjuran,,
niksacdev,,
nipunarora,,
niranjan747,,
nitesh-snap,,
nitish-raj,,
nmhjklnm,,
nnWhisperer,,
nnworkspace,,
noahxp,,
nomagicln,,
noppGithub,,
norbu09,,
nord73,,
norm2782,,
northline-lab,,
nouatzi,,
np-yoe,,
npupko,,
nsierraj,,
nunquen,,
nurasul,,
nwalke,,
oat-mirror,,
oatn,,
oblqd,,
obr25,,
octyai,,
odinr,,
odysseyalive,,
offendingcommit,,
officialasishkumar,,
ohlookitshazy,,
oizidbih,,
ojalberts-itc,,
omartood,,
omgbwa-yasse,,
onarres,,
ondrovic,,
one-kash,,
one-sword,,
onlinelernecke,,
ooptsd,,
oovz,,
orbisai0security,,
orenmizr,,
outp1,,
overclokk,,
ozdennis,,
p1779k,,
p2arthur,,
paburgos,,
panboo0106,,
pankaj-modi18,,
paperbenni,,
parchix,,
pascalandy,,
passionworkeer,,
pathanaawej0-dot,,
paullen,,
paulthanson082-glitch,,
pc-chen-tw,,
pchemguy,,
pdemro,,
pdfowler,,
pedropalb,,
penetest,,
petebytes,,
peterHoburg,,
peterhora,,
peterson-umoke,,
pevyhlas,,
pf-njones,,
pfjia,,
pgoslatara,,
pham-code,,
phantom-suzuki,,
phebing,,
philippfrenzel,,
phoenixgao,,
picklebento,,
pierluigilenoci,,
pietrobr,,
pilosoposerio,,
pineappleboss,,
pixie79,,
pizzooid,,
pjbrzozowski,,
pjkober,,
pks1989,,
pluo,,
plutch,,
poelzi,,
polmichel,,
polo871209,,
pradeepmouli,,
pragya247,,
pranaypaine,,
prantikmedhi,,
preigile,,
przadka,,
psanderson-da,,
psmman,,
pssah4,,
puneetdixit200,,
punkouter26,,
pvgueiros,,
pyanagiya,,
pythoninthegrass,,
pzep1,,
qduc,,
qianmoqiuhan,,
qinyudong89,,
qizong007,,
quantuminformation,,
quasi,,
quentinbadoud,,
r-a-f-a,,
r1cA18,,
rHedBull,,
raccioly,,
radekg,,
radvista,,
raedkit,,
rahul-reveation,,
ralphhanna,,
ramneekhanda,,
ramonduraes,,
ramusbucket,,
raneyeden,,
ranqiangjun,,
ranshalit,,
raspy8766,,
rasyidrafi,,
ratio-x,,
raulduk3,,
raviraghu,,
ravivermarvr2068-sketch,,
raye-deng,,
rbergman,,
rchindris,,
rcollette,,
realduolaf,,
rebelll-che,,
reesechou2014,,
removecode,,
rexleimo,,
rghamilton3,,
rh1ppo,,
rhokstar,,
rhuss,,
ricalanis,,
ricardojmendez,,
richgo,,
richlysakowski,,
richzhu369,,
rickysullivan-gallagher,,
riggy2013,,
rinarakaki,,
ririnto,,
riya-amemiya,,
rj-wangbin6,,
rjthomas013,,
rkaramc,,
rla-cf,,
rlempa,,
rmdowney,,
rnagrodzkicl,,
rob-mur,,
robertDouglass,,
robertfeldt,,
robin0822,,
robshapiro,,
rochecompaan,,
rodrigo-ferreira-caf,,
roee-hersh,,
rogadev,,
rohitsoni007,,
romanzarkhin,,
rootbdfy,,
roperi,,
rosmur,,
rothcold,,
rottingcorpse,,
rowens-an,,
roylez,,
rpobleteg,,
rsc-soxes,,
rsnpettrov,,
rtellez91,,
ruanmed,,
rubdttcom,,
russeg,,
rxm7706,,
ryancaille,,
ryanm-auror,,
ryo8000,,
s-celles,,
saighost,,
saitodisse,,
sajjad-salam,,
sakitA,,
sakshamnanda,,
samdamazio,,
samed-temiz,,
samhoooo,,
sammarSayed,,
samqassom,,
samqin123,,
samwangdd,,
sanathusk,,
sangpire,,
sanmu-2020,,
santhoshr,,
santosflores,,
sarahgibsonnnn,,
saranya-sivan,,
sasha-kbmh,,
satputekuldip,,
saxjax,,
sbaechler,,
sbhavani,,
schlich,,
schnee,,
schriewer,,
scohen282828,,
scotteveritt,,
sddhrthsarkar108,,
sdmcraft,,
sdudnic-ingerop,,
seanchatmangpt,,
seanrobertwright,,
sebmandal,,
seekme-ai,,
seiya-koji,,
selmanalpdundarhyntelo,,
senthilNirmal,,
seoljacob,,
sephib,,
sergiowoj,,
sergkhl,,
serhiishtokal,,
sesturm,,
sgillis,,
sglavoie,,
sgrokym,,
sh1man999,,
shadz3rg,,
shahrukhkhan489,,
shaibarlev,,
shajebi,,
shaoqing404,,
sharath-satish-msft,,
sharathsatish,,
shaunie2fly,,
sheneven,,
shikhersingh-CF,,
shimondoodkin,,
shivam-tiwari-ag,,
shizonic,,
sholtomaud,,
shpedoikal,,
shtse8,,
shuaizenge,,
shubham0086,,
shubhamtiwari1602,,
shyn,,
sigent-ai-dev,,
silvios,,
simg,,
simon-k,,
simon-lawrence-rsm,,
simongartz,,
simonwfarrow,,
sinadarvi,,
sivashanki,,
sjpenn,,
skhashaev,,
skoenman,,
sl40168,,
smartdawg,,
smatoses,,
softwaresalt,,
sogmgm,,
solmon,,
som45oul,,
sombraSoft,,
song-chaeyoung,,
songjh3,,
songsongtao,,
sosaurizar,,
sosensible,,
sp13ceg,,
sparfenyuk,,
spazyCZ,,
spboyer,,
squickone,,
srlynch1,,
srobertson,,
srobroek,,
srpatcha,,
ssainis-0131,,
ssss666666,,
stefanocrosta,,
stefanwalther,,
steftux,,
stenyin,,
stephen-bluerocksoft,,
stephencoduor,,
stevenlafl,,
steviee,,
stfines-clgx,,
stharrold,,
stn1slv,,
stokuewe,,
stone100010,,
stonelasley,,
stoyan-atanasov-beye,,
studyzy,,
suchithm1999,,
sukumarp2022,,
sulimu2,,
sunyrain,,
supanadit,,
superchangme,,
suportly,,
surajsrivastav,,
sure-one,,
sushant-maitri,,
svdoever,,
svrhovac,,
svstoyanov,,
swiesmann,,
swingingsimian,,
swithek,,
sytone,,
t-sakoda,,
tabtablabs-dev,,
taj54,,
taji,,
talond-dev,,
tannath,,
taqtiqa-mark,,
tarekiim20,,
tariksetia,,
tarunkumarbhati,,
tberta,,
technoch1ef,,
teeyo,,
teknium1,,
tennc,,
tensam,,
termleech,,
terranoss,,
terrordrummer,,
tfvchow,,
tgraupmann,,
thaiquangquy,,
tharindushakya,,
theggs,,
thegovind,,
thehands79,,
thenets,,
thesobercoder,,
thiagobutignon,,
thiagocaiubi,,
thlandgraf,,
thmeitz,,
tholum,,
thukabjj,,
tiagostutz,,
tianhaoz95,,
tianlinzx,,
tiefenauer,,
tiefenthaler,,
tijoseymathew,,
timgaunt,,
timothyjoh,,
tinesoft,,
tjdavis3,,
tjohnson4,,
tkapin,,
tlightsky,,
tnordal,,
tobimark,,
tommck,,
tomtajic,,
tomyam1,,
tonygem2022,,
tonyisuli,,
tonyrb,,
topherfangio,,
totallyGreg,,
toughhou,,
toxicafunk,,
tractorjuice,,
treb0r,,
triceo,,
tristdrum,,
tsimurshved,,
ttkniep,,
tturnerdev,,
twbrandon7,,
two-woods,,
tzengshinfu,,
tzubad,,
uberspeck,,
uchida-masaki,,
uemura-neon,,
ulope,,
unclezoro,,
unsafe9,,
uranusuu526-maker,,
uriel-kluk,,
user4302,,
userhas404d,,
uuhnaut69,,
valdezm,,
vamshikrishnamraju,,
varunr89,,
vasani-arpit,,
vatatav,,
vburckhardt,,
vcnd-recharged,,
veeKewl,,
veerabhadra-ponna,,
vegetablest,,
velmoga,,
venkatp-infomagnus,,
veraero-tech,,
vialcollet,,
vicarum,,
victormihaita,,
vieiraae,,
viking76,,
vincenthsh,,
vincentlkl,,
vincentqcg,,
vincilbishop,,
visgotti,,
vjaykrsna,,
vladimir-trifonov,,
vmhieu51204,,
voducdan,,
vojtaflorian,,
volkanunsal,,
voroshkov,,
vrglx33,,
vsima,,
vulovix,,
vvChu,,
vzarytovskii,,
w-ww,,
wagnersza,,
wahidshalaly,,
wakita181009,,
waltoss,,
wangjun1511-cell,,
wangyuqiang9509,,
waramity,,
warnero,,
warpedgeoid,,
watany-dev,,
wayne45,,
waynebrantley,,
wcpaxx,,
webchick,,
webrgp,,
weihuajihe,,
weishaofei,,
wfongcn,,
whatsall1976,,
whereiszebra,,
whitmo,,
whittenator,,
wiegerssamuel117-cyber,,
wildchron,,
wilsonneto-swe,,
wingyuenegl,,
wisnubjoey,,
wle8300,,
wlinna,,
wmalgadey,,
wmikucki,,
wochagonnadu,,
wolffy-au,,
wolone,,
wondywang,,
workdocyeye,,
worldofgeese,,
wweggplant,,
wyattowalsh,,
wysiecki,,
x22x22,,
xenorum,,
xianghongai,,
xiaosean,,
xilu0,,
xinity,,
xitex,,
xmontero,,
xpmatteo,,
xqm32,,
xswangme-lang,,
xuan2261,,
xuezhouyang,,
xuhan-rgb,,
xunjianxiang,,
xuxiong,,
xuxm2007,,
xworks,,
xxxpsyduck,,
xymelon,,
y-yagi,,
yag3l,,
yamkazu,,
yannicklin,,
yarikoptic,,
yaseenshady,,
yashvekaria,,
yauheni-chekan,,
yb19890724,,
ybzeek,,
yeuem1vannam,,
yiethan0618-lab,,
ymhiroki,,
yoDon,,
you227224-create,,
younes-io,,
young-hwang,,
yozosann,,
yskkin,,
ysumanth06,,
yu-iskw,,
yuanyuanyuan,,
yubozhao,,
yubrshen,,
yulongsong-pg,,
yuxi0708,,
z0gSh1u,,
z3tz3r0,,
zaheer15351,,
zaheerkhatri59-art,,
zaidhassan168,,
zarrarpal,,
zaytsevand,,
zcasanova,,
zhengger,,
zhuxijing123,,
zichen0116,,
zidoshare,,
zikajk,,
zirubak,,
zivbrauner,,
ziyitony,,
zolandor,,
zongqir,,
zryfish,,
zvictor,,
zz-png,,
zzz607,,
